rmse,r2,mae,pearson,spearman
0.8132727322970634,0.5129790306091309,0.6015558838844299,0.7207662,0.7211796813585806
